type,id,attributes.experiment-type,attributes.analysis-status,attributes.analysis-summary,attributes.pipeline-version,attributes.accession,attributes.is-private,attributes.last-update,attributes.mgx-accession,attributes.complete-time,attributes.instrument-platform,attributes.instrument-model,relationships.study.data.id,relationships.study.data.type,relationships.sample.data.id,relationships.sample.data.type,relationships.run.data.id,relationships.run.data.type
analysis-jobs,MGYA00724086,amplicon,completed,"[{'key': 'Submitted nucleotide sequences', 'value': '96368'}, {'key': 'Nucleotide sequences after format-specific filtering', 'value': '49024'}, {'key': 'Nucleotide sequences after length filtering', 'value': '49024'}, {'key': 'Nucleotide sequences after undetermined bases filtering', 'value': '49024'}, {'key': 'Predicted LSU sequences', 'value': '0'}, {'key': 'Predicted SSU sequences', 'value': '49000'}]",5.0,MGYA00724086,False,2024-03-01T15:35:04.003928,MGX0008431,2024-03-01T15:35:03,ILLUMINA,Illumina MiSeq,MGYS00006608,studies,ERS5150815,samples,ERR4674051,runs
analysis-jobs,MGYA00724087,amplicon,completed,"[{'key': 'Submitted nucleotide sequences', 'value': '100376'}, {'key': 'Nucleotide sequences after format-specific filtering', 'value': '53220'}, {'key': 'Nucleotide sequences after length filtering', 'value': '53220'}, {'key': 'Nucleotide sequences after undetermined bases filtering', 'value': '53220'}, {'key': 'Predicted LSU sequences', 'value': '0'}, {'key': 'Predicted SSU sequences', 'value': '53217'}]",5.0,MGYA00724087,False,2024-03-01T15:35:19.163698,MGX0008432,2024-03-01T15:35:18,ILLUMINA,Illumina MiSeq,MGYS00006608,studies,ERS5150865,samples,ERR4674187,runs
analysis-jobs,MGYA00724088,amplicon,completed,"[{'key': 'Submitted nucleotide sequences', 'value': '15914'}, {'key': 'Nucleotide sequences after format-specific filtering', 'value': '5301'}, {'key': 'Nucleotide sequences after length filtering', 'value': '5301'}, {'key': 'Nucleotide sequences after undetermined bases filtering', 'value': '5301'}, {'key': 'Predicted LSU sequences', 'value': '0'}, {'key': 'Predicted SSU sequences', 'value': '5270'}]",5.0,MGYA00724088,False,2024-03-01T15:35:33.431612,MGX0008433,2024-03-01T15:35:32,ILLUMINA,Illumina MiSeq,MGYS00006608,studies,ERS5150863,samples,ERR4674181,runs
analysis-jobs,MGYA00724089,amplicon,completed,"[{'key': 'Submitted nucleotide sequences', 'value': '76854'}, {'key': 'Nucleotide sequences after format-specific filtering', 'value': '29849'}, {'key': 'Nucleotide sequences after length filtering', 'value': '29849'}, {'key': 'Nucleotide sequences after undetermined bases filtering', 'value': '29849'}, {'key': 'Predicted LSU sequences', 'value': '0'}, {'key': 'Predicted SSU sequences', 'value': '29842'}]",5.0,MGYA00724089,False,2024-03-01T15:35:46.670353,MGX0008434,2024-03-01T15:35:45,ILLUMINA,Illumina MiSeq,MGYS00006608,studies,ERS5150860,samples,ERR4674176,runs
analysis-jobs,MGYA00724090,amplicon,completed,"[{'key': 'Submitted nucleotide sequences', 'value': '82714'}, {'key': 'Nucleotide sequences after format-specific filtering', 'value': '31305'}, {'key': 'Nucleotide sequences after length filtering', 'value': '31305'}, {'key': 'Nucleotide sequences after undetermined bases filtering', 'value': '31305'}, {'key': 'Predicted LSU sequences', 'value': '0'}, {'key': 'Predicted SSU sequences', 'value': '31302'}]",5.0,MGYA00724090,False,2024-03-01T15:36:02.103274,MGX0008435,2024-03-01T15:36:01,ILLUMINA,Illumina MiSeq,MGYS00006608,studies,ERS5150856,samples,ERR4674164,runs
analysis-jobs,MGYA00724091,amplicon,completed,"[{'key': 'Submitted nucleotide sequences', 'value': '80058'}, {'key': 'Nucleotide sequences after format-specific filtering', 'value': '38714'}, {'key': 'Nucleotide sequences after length filtering', 'value': '38714'}, {'key': 'Nucleotide sequences after undetermined bases filtering', 'value': '38714'}, {'key': 'Predicted LSU sequences', 'value': '0'}, {'key': 'Predicted SSU sequences', 'value': '38672'}]",5.0,MGYA00724091,False,2024-03-01T15:36:15.911674,MGX0008436,2024-03-01T15:36:15,ILLUMINA,Illumina MiSeq,MGYS00006608,studies,ERS5150852,samples,ERR4674155,runs
analysis-jobs,MGYA00724092,amplicon,completed,"[{'key': 'Submitted nucleotide sequences', 'value': '68061'}, {'key': 'Nucleotide sequences after format-specific filtering', 'value': '35906'}, {'key': 'Nucleotide sequences after length filtering', 'value': '35906'}, {'key': 'Nucleotide sequences after undetermined bases filtering', 'value': '35906'}, {'key': 'Predicted LSU sequences', 'value': '0'}, {'key': 'Predicted SSU sequences', 'value': '35886'}]",5.0,MGYA00724092,False,2024-03-01T15:36:30.553830,MGX0008437,2024-03-01T15:36:29,ILLUMINA,Illumina MiSeq,MGYS00006608,studies,ERS5150847,samples,ERR4674141,runs
analysis-jobs,MGYA00724093,amplicon,completed,"[{'key': 'Submitted nucleotide sequences', 'value': '111939'}, {'key': 'Nucleotide sequences after format-specific filtering', 'value': '65320'}, {'key': 'Nucleotide sequences after length filtering', 'value': '65320'}, {'key': 'Nucleotide sequences after undetermined bases filtering', 'value': '65320'}, {'key': 'Predicted LSU sequences', 'value': '0'}, {'key': 'Predicted SSU sequences', 'value': '65312'}]",5.0,MGYA00724093,False,2024-03-01T15:36:44.344165,MGX0008438,2024-03-01T15:36:43,ILLUMINA,Illumina MiSeq,MGYS00006608,studies,ERS5150842,samples,ERR4674128,runs
analysis-jobs,MGYA00724094,amplicon,completed,"[{'key': 'Submitted nucleotide sequences', 'value': '97927'}, {'key': 'Nucleotide sequences after format-specific filtering', 'value': '49649'}, {'key': 'Nucleotide sequences after length filtering', 'value': '49649'}, {'key': 'Nucleotide sequences after undetermined bases filtering', 'value': '49649'}, {'key': 'Predicted LSU sequences', 'value': '0'}, {'key': 'Predicted SSU sequences', 'value': '49625'}]",5.0,MGYA00724094,False,2024-03-01T15:36:57.603054,MGX0008439,2024-03-01T15:36:56,ILLUMINA,Illumina MiSeq,MGYS00006608,studies,ERS5150837,samples,ERR4674113,runs
analysis-jobs,MGYA00724095,amplicon,completed,"[{'key': 'Submitted nucleotide sequences', 'value': '105087'}, {'key': 'Nucleotide sequences after format-specific filtering', 'value': '48915'}, {'key': 'Nucleotide sequences after length filtering', 'value': '48915'}, {'key': 'Nucleotide sequences after undetermined bases filtering', 'value': '48915'}, {'key': 'Predicted LSU sequences', 'value': '0'}, {'key': 'Predicted SSU sequences', 'value': '48899'}]",5.0,MGYA00724095,False,2024-03-01T15:37:12.372356,MGX0008440,2024-03-01T15:37:11,ILLUMINA,Illumina MiSeq,MGYS00006608,studies,ERS5150832,samples,ERR4674098,runs
analysis-jobs,MGYA00724096,amplicon,completed,"[{'key': 'Submitted nucleotide sequences', 'value': '119331'}, {'key': 'Nucleotide sequences after format-specific filtering', 'value': '57409'}, {'key': 'Nucleotide sequences after length filtering', 'value': '57409'}, {'key': 'Nucleotide sequences after undetermined bases filtering', 'value': '57409'}, {'key': 'Predicted LSU sequences', 'value': '0'}, {'key': 'Predicted SSU sequences', 'value': '57375'}]",5.0,MGYA00724096,False,2024-03-01T15:37:26.373618,MGX0008441,2024-03-01T15:37:25,ILLUMINA,Illumina MiSeq,MGYS00006608,studies,ERS5150827,samples,ERR4674084,runs
analysis-jobs,MGYA00724097,amplicon,completed,"[{'key': 'Submitted nucleotide sequences', 'value': '118595'}, {'key': 'Nucleotide sequences after format-specific filtering', 'value': '52039'}, {'key': 'Nucleotide sequences after length filtering', 'value': '52039'}, {'key': 'Nucleotide sequences after undetermined bases filtering', 'value': '52039'}, {'key': 'Predicted LSU sequences', 'value': '0'}, {'key': 'Predicted SSU sequences', 'value': '52024'}]",5.0,MGYA00724097,False,2024-03-01T15:37:41.336813,MGX0008442,2024-03-01T15:37:40,ILLUMINA,Illumina MiSeq,MGYS00006608,studies,ERS5150824,samples,ERR4674076,runs
analysis-jobs,MGYA00724098,amplicon,completed,"[{'key': 'Submitted nucleotide sequences', 'value': '135803'}, {'key': 'Nucleotide sequences after format-specific filtering', 'value': '69755'}, {'key': 'Nucleotide sequences after length filtering', 'value': '69755'}, {'key': 'Nucleotide sequences after undetermined bases filtering', 'value': '69755'}, {'key': 'Predicted LSU sequences', 'value': '0'}, {'key': 'Predicted SSU sequences', 'value': '69741'}]",5.0,MGYA00724098,False,2024-03-01T15:37:56.192775,MGX0008443,2024-03-01T15:37:55,ILLUMINA,Illumina MiSeq,MGYS00006608,studies,ERS5150823,samples,ERR4674073,runs
analysis-jobs,MGYA00724099,amplicon,completed,"[{'key': 'Submitted nucleotide sequences', 'value': '101430'}, {'key': 'Nucleotide sequences after format-specific filtering', 'value': '52282'}, {'key': 'Nucleotide sequences after length filtering', 'value': '52282'}, {'key': 'Nucleotide sequences after undetermined bases filtering', 'value': '52282'}, {'key': 'Predicted LSU sequences', 'value': '0'}, {'key': 'Predicted SSU sequences', 'value': '52270'}]",5.0,MGYA00724099,False,2024-03-01T15:38:11.112324,MGX0008444,2024-03-01T15:38:10,ILLUMINA,Illumina MiSeq,MGYS00006608,studies,ERS5150822,samples,ERR4674070,runs
analysis-jobs,MGYA00724100,amplicon,completed,"[{'key': 'Submitted nucleotide sequences', 'value': '85023'}, {'key': 'Nucleotide sequences after format-specific filtering', 'value': '44792'}, {'key': 'Nucleotide sequences after length filtering', 'value': '44792'}, {'key': 'Nucleotide sequences after undetermined bases filtering', 'value': '44792'}, {'key': 'Predicted LSU sequences', 'value': '0'}, {'key': 'Predicted SSU sequences', 'value': '44785'}]",5.0,MGYA00724100,False,2024-03-01T15:38:24.272896,MGX0008445,2024-03-01T15:38:23,ILLUMINA,Illumina MiSeq,MGYS00006608,studies,ERS5150813,samples,ERR4674046,runs
analysis-jobs,MGYA00724101,amplicon,completed,"[{'key': 'Submitted nucleotide sequences', 'value': '86015'}, {'key': 'Nucleotide sequences after format-specific filtering', 'value': '26913'}, {'key': 'Nucleotide sequences after length filtering', 'value': '26913'}, {'key': 'Nucleotide sequences after undetermined bases filtering', 'value': '26913'}, {'key': 'Predicted LSU sequences', 'value': '0'}, {'key': 'Predicted SSU sequences', 'value': '26913'}]",5.0,MGYA00724101,False,2024-03-01T15:38:38.015559,MGX0008446,2024-03-01T15:38:37,ILLUMINA,Illumina MiSeq,MGYS00006608,studies,ERS5150812,samples,ERR4674043,runs
analysis-jobs,MGYA00724102,amplicon,completed,"[{'key': 'Submitted nucleotide sequences', 'value': '101207'}, {'key': 'Nucleotide sequences after format-specific filtering', 'value': '51948'}, {'key': 'Nucleotide sequences after length filtering', 'value': '51948'}, {'key': 'Nucleotide sequences after undetermined bases filtering', 'value': '51948'}, {'key': 'Predicted LSU sequences', 'value': '0'}, {'key': 'Predicted SSU sequences', 'value': '51940'}]",5.0,MGYA00724102,False,2024-03-01T15:38:51.376608,MGX0008447,2024-03-01T15:38:50,ILLUMINA,Illumina MiSeq,MGYS00006608,studies,ERS5150810,samples,ERR4674038,runs
analysis-jobs,MGYA00724103,amplicon,completed,"[{'key': 'Submitted nucleotide sequences', 'value': '90322'}, {'key': 'Nucleotide sequences after format-specific filtering', 'value': '43328'}, {'key': 'Nucleotide sequences after length filtering', 'value': '43328'}, {'key': 'Nucleotide sequences after undetermined bases filtering', 'value': '43328'}, {'key': 'Predicted LSU sequences', 'value': '0'}, {'key': 'Predicted SSU sequences', 'value': '43325'}]",5.0,MGYA00724103,False,2024-03-01T15:39:05.471779,MGX0008448,2024-03-01T15:39:04,ILLUMINA,Illumina MiSeq,MGYS00006608,studies,ERS5150872,samples,ERR4674207,runs
analysis-jobs,MGYA00724104,amplicon,completed,"[{'key': 'Submitted nucleotide sequences', 'value': '88462'}, {'key': 'Nucleotide sequences after format-specific filtering', 'value': '38676'}, {'key': 'Nucleotide sequences after length filtering', 'value': '38676'}, {'key': 'Nucleotide sequences after undetermined bases filtering', 'value': '38676'}, {'key': 'Predicted LSU sequences', 'value': '0'}, {'key': 'Predicted SSU sequences', 'value': '38669'}]",5.0,MGYA00724104,False,2024-03-01T15:39:19.117731,MGX0008449,2024-03-01T15:39:18,ILLUMINA,Illumina MiSeq,MGYS00006608,studies,ERS5150866,samples,ERR4674190,runs
analysis-jobs,MGYA00724105,amplicon,completed,"[{'key': 'Submitted nucleotide sequences', 'value': '47336'}, {'key': 'Nucleotide sequences after format-specific filtering', 'value': '21024'}, {'key': 'Nucleotide sequences after length filtering', 'value': '21024'}, {'key': 'Nucleotide sequences after undetermined bases filtering', 'value': '21024'}, {'key': 'Predicted LSU sequences', 'value': '0'}, {'key': 'Predicted SSU sequences', 'value': '21021'}]",5.0,MGYA00724105,False,2024-03-01T15:39:32.779155,MGX0008450,2024-03-01T15:39:32,ILLUMINA,Illumina MiSeq,MGYS00006608,studies,ERS5150862,samples,ERR4674180,runs
analysis-jobs,MGYA00724106,amplicon,completed,"[{'key': 'Submitted nucleotide sequences', 'value': '53382'}, {'key': 'Nucleotide sequences after format-specific filtering', 'value': '14595'}, {'key': 'Nucleotide sequences after length filtering', 'value': '14595'}, {'key': 'Nucleotide sequences after undetermined bases filtering', 'value': '14595'}, {'key': 'Predicted LSU sequences', 'value': '0'}, {'key': 'Predicted SSU sequences', 'value': '14591'}]",5.0,MGYA00724106,False,2024-03-01T15:39:47.518017,MGX0008451,2024-03-01T15:39:46,ILLUMINA,Illumina MiSeq,MGYS00006608,studies,ERS5150855,samples,ERR4674162,runs
analysis-jobs,MGYA00724107,amplicon,completed,"[{'key': 'Submitted nucleotide sequences', 'value': '66258'}, {'key': 'Nucleotide sequences after format-specific filtering', 'value': '24545'}, {'key': 'Nucleotide sequences after length filtering', 'value': '24545'}, {'key': 'Nucleotide sequences after undetermined bases filtering', 'value': '24545'}, {'key': 'Predicted LSU sequences', 'value': '0'}, {'key': 'Predicted SSU sequences', 'value': '24542'}]",5.0,MGYA00724107,False,2024-03-01T15:40:01.565466,MGX0008452,2024-03-01T15:40:00,ILLUMINA,Illumina MiSeq,MGYS00006608,studies,ERS5150854,samples,ERR4674160,runs
analysis-jobs,MGYA00724108,amplicon,completed,"[{'key': 'Submitted nucleotide sequences', 'value': '97665'}, {'key': 'Nucleotide sequences after format-specific filtering', 'value': '48379'}, {'key': 'Nucleotide sequences after length filtering', 'value': '48379'}, {'key': 'Nucleotide sequences after undetermined bases filtering', 'value': '48379'}, {'key': 'Predicted LSU sequences', 'value': '0'}, {'key': 'Predicted SSU sequences', 'value': '48365'}]",5.0,MGYA00724108,False,2024-03-01T15:40:15.820362,MGX0008453,2024-03-01T15:40:15,ILLUMINA,Illumina MiSeq,MGYS00006608,studies,ERS5150835,samples,ERR4674107,runs
analysis-jobs,MGYA00724109,amplicon,completed,"[{'key': 'Submitted nucleotide sequences', 'value': '71987'}, {'key': 'Nucleotide sequences after format-specific filtering', 'value': '26114'}, {'key': 'Nucleotide sequences after length filtering', 'value': '26114'}, {'key': 'Nucleotide sequences after undetermined bases filtering', 'value': '26114'}, {'key': 'Predicted LSU sequences', 'value': '0'}, {'key': 'Predicted SSU sequences', 'value': '26103'}]",5.0,MGYA00724109,False,2024-03-01T15:40:29.229817,MGX0008454,2024-03-01T15:40:28,ILLUMINA,Illumina MiSeq,MGYS00006608,studies,ERS5150830,samples,ERR4674092,runs
analysis-jobs,MGYA00724110,amplicon,completed,"[{'key': 'Submitted nucleotide sequences', 'value': '96864'}, {'key': 'Nucleotide sequences after format-specific filtering', 'value': '45104'}, {'key': 'Nucleotide sequences after length filtering', 'value': '45104'}, {'key': 'Nucleotide sequences after undetermined bases filtering', 'value': '45104'}, {'key': 'Predicted LSU sequences', 'value': '0'}, {'key': 'Predicted SSU sequences', 'value': '45102'}]",5.0,MGYA00724110,False,2024-03-01T15:40:42.620977,MGX0008455,2024-03-01T15:40:41,ILLUMINA,Illumina MiSeq,MGYS00006608,studies,ERS5150829,samples,ERR4674090,runs
analysis-jobs,MGYA00724111,amplicon,completed,"[{'key': 'Submitted nucleotide sequences', 'value': '69491'}, {'key': 'Nucleotide sequences after format-specific filtering', 'value': '32713'}, {'key': 'Nucleotide sequences after length filtering', 'value': '32713'}, {'key': 'Nucleotide sequences after undetermined bases filtering', 'value': '32713'}, {'key': 'Predicted LSU sequences', 'value': '0'}, {'key': 'Predicted SSU sequences', 'value': '32713'}]",5.0,MGYA00724111,False,2024-03-01T15:40:55.922510,MGX0008456,2024-03-01T15:40:55,ILLUMINA,Illumina MiSeq,MGYS00006608,studies,ERS5150814,samples,ERR4674048,runs
analysis-jobs,MGYA00724112,amplicon,completed,"[{'key': 'Submitted nucleotide sequences', 'value': '67477'}, {'key': 'Nucleotide sequences after format-specific filtering', 'value': '37357'}, {'key': 'Nucleotide sequences after length filtering', 'value': '37357'}, {'key': 'Nucleotide sequences after undetermined bases filtering', 'value': '37357'}, {'key': 'Predicted LSU sequences', 'value': '0'}, {'key': 'Predicted SSU sequences', 'value': '37354'}]",5.0,MGYA00724112,False,2024-03-01T15:41:10.332802,MGX0008457,2024-03-01T15:41:09,ILLUMINA,Illumina MiSeq,MGYS00006608,studies,ERS5150864,samples,ERR4674184,runs
analysis-jobs,MGYA00724113,amplicon,completed,"[{'key': 'Submitted nucleotide sequences', 'value': '86142'}, {'key': 'Nucleotide sequences after format-specific filtering', 'value': '28152'}, {'key': 'Nucleotide sequences after length filtering', 'value': '28152'}, {'key': 'Nucleotide sequences after undetermined bases filtering', 'value': '28152'}, {'key': 'Predicted LSU sequences', 'value': '0'}, {'key': 'Predicted SSU sequences', 'value': '28145'}]",5.0,MGYA00724113,False,2024-03-01T15:41:23.838003,MGX0008458,2024-03-01T15:41:23,ILLUMINA,Illumina MiSeq,MGYS00006608,studies,ERS5150861,samples,ERR4674177,runs
analysis-jobs,MGYA00724114,amplicon,completed,"[{'key': 'Submitted nucleotide sequences', 'value': '80562'}, {'key': 'Nucleotide sequences after format-specific filtering', 'value': '38593'}, {'key': 'Nucleotide sequences after length filtering', 'value': '38593'}, {'key': 'Nucleotide sequences after undetermined bases filtering', 'value': '38593'}, {'key': 'Predicted LSU sequences', 'value': '0'}, {'key': 'Predicted SSU sequences', 'value': '38477'}]",5.0,MGYA00724114,False,2024-03-01T15:41:37.095176,MGX0008459,2024-03-01T15:41:36,ILLUMINA,Illumina MiSeq,MGYS00006608,studies,ERS5150858,samples,ERR4674170,runs
analysis-jobs,MGYA00724115,amplicon,completed,"[{'key': 'Submitted nucleotide sequences', 'value': '80613'}, {'key': 'Nucleotide sequences after format-specific filtering', 'value': '34099'}, {'key': 'Nucleotide sequences after length filtering', 'value': '34099'}, {'key': 'Nucleotide sequences after undetermined bases filtering', 'value': '34099'}, {'key': 'Predicted LSU sequences', 'value': '0'}, {'key': 'Predicted SSU sequences', 'value': '34084'}]",5.0,MGYA00724115,False,2024-03-01T15:41:51.192706,MGX0008460,2024-03-01T15:41:50,ILLUMINA,Illumina MiSeq,MGYS00006608,studies,ERS5150857,samples,ERR4674167,runs
analysis-jobs,MGYA00724116,amplicon,completed,"[{'key': 'Submitted nucleotide sequences', 'value': '56793'}, {'key': 'Nucleotide sequences after format-specific filtering', 'value': '25065'}, {'key': 'Nucleotide sequences after length filtering', 'value': '25065'}, {'key': 'Nucleotide sequences after undetermined bases filtering', 'value': '25065'}, {'key': 'Predicted LSU sequences', 'value': '0'}, {'key': 'Predicted SSU sequences', 'value': '25058'}]",5.0,MGYA00724116,False,2024-03-01T15:42:04.478146,MGX0008461,2024-03-01T15:42:03,ILLUMINA,Illumina MiSeq,MGYS00006608,studies,ERS5150851,samples,ERR4674152,runs
analysis-jobs,MGYA00724117,amplicon,completed,"[{'key': 'Submitted nucleotide sequences', 'value': '18654'}, {'key': 'Nucleotide sequences after format-specific filtering', 'value': '7675'}, {'key': 'Nucleotide sequences after length filtering', 'value': '7675'}, {'key': 'Nucleotide sequences after undetermined bases filtering', 'value': '7675'}, {'key': 'Predicted LSU sequences', 'value': '0'}, {'key': 'Predicted SSU sequences', 'value': '7675'}]",5.0,MGYA00724117,False,2024-03-01T15:42:19.161571,MGX0008462,2024-03-01T15:42:18,ILLUMINA,Illumina MiSeq,MGYS00006608,studies,ERS5150849,samples,ERR4674146,runs
analysis-jobs,MGYA00724118,amplicon,completed,"[{'key': 'Submitted nucleotide sequences', 'value': '93588'}, {'key': 'Nucleotide sequences after format-specific filtering', 'value': '53550'}, {'key': 'Nucleotide sequences after length filtering', 'value': '53550'}, {'key': 'Nucleotide sequences after undetermined bases filtering', 'value': '53550'}, {'key': 'Predicted LSU sequences', 'value': '0'}, {'key': 'Predicted SSU sequences', 'value': '53533'}]",5.0,MGYA00724118,False,2024-03-01T15:42:33.004782,MGX0008463,2024-03-01T15:42:32,ILLUMINA,Illumina MiSeq,MGYS00006608,studies,ERS5150843,samples,ERR4674131,runs
analysis-jobs,MGYA00724119,amplicon,completed,"[{'key': 'Submitted nucleotide sequences', 'value': '95161'}, {'key': 'Nucleotide sequences after format-specific filtering', 'value': '48789'}, {'key': 'Nucleotide sequences after length filtering', 'value': '48789'}, {'key': 'Nucleotide sequences after undetermined bases filtering', 'value': '48789'}, {'key': 'Predicted LSU sequences', 'value': '0'}, {'key': 'Predicted SSU sequences', 'value': '48756'}]",5.0,MGYA00724119,False,2024-03-01T15:42:47.019835,MGX0008464,2024-03-01T15:42:46,ILLUMINA,Illumina MiSeq,MGYS00006608,studies,ERS5150840,samples,ERR4674122,runs
analysis-jobs,MGYA00724120,amplicon,completed,"[{'key': 'Submitted nucleotide sequences', 'value': '75909'}, {'key': 'Nucleotide sequences after format-specific filtering', 'value': '39891'}, {'key': 'Nucleotide sequences after length filtering', 'value': '39891'}, {'key': 'Nucleotide sequences after undetermined bases filtering', 'value': '39891'}, {'key': 'Predicted LSU sequences', 'value': '0'}, {'key': 'Predicted SSU sequences', 'value': '39879'}]",5.0,MGYA00724120,False,2024-03-01T15:43:00.988193,MGX0008465,2024-03-01T15:43:00,ILLUMINA,Illumina MiSeq,MGYS00006608,studies,ERS5150838,samples,ERR4674116,runs
analysis-jobs,MGYA00724121,amplicon,completed,"[{'key': 'Submitted nucleotide sequences', 'value': '99855'}, {'key': 'Nucleotide sequences after format-specific filtering', 'value': '39502'}, {'key': 'Nucleotide sequences after length filtering', 'value': '39502'}, {'key': 'Nucleotide sequences after undetermined bases filtering', 'value': '39502'}, {'key': 'Predicted LSU sequences', 'value': '0'}, {'key': 'Predicted SSU sequences', 'value': '39491'}]",5.0,MGYA00724121,False,2024-03-01T15:43:15.882214,MGX0008466,2024-03-01T15:43:15,ILLUMINA,Illumina MiSeq,MGYS00006608,studies,ERS5150831,samples,ERR4674095,runs
analysis-jobs,MGYA00724122,amplicon,completed,"[{'key': 'Submitted nucleotide sequences', 'value': '131003'}, {'key': 'Nucleotide sequences after format-specific filtering', 'value': '71017'}, {'key': 'Nucleotide sequences after length filtering', 'value': '71017'}, {'key': 'Nucleotide sequences after undetermined bases filtering', 'value': '71017'}, {'key': 'Predicted LSU sequences', 'value': '0'}, {'key': 'Predicted SSU sequences', 'value': '71001'}]",5.0,MGYA00724122,False,2024-03-01T15:43:30.683151,MGX0008467,2024-03-01T15:43:29,ILLUMINA,Illumina MiSeq,MGYS00006608,studies,ERS5150820,samples,ERR4674064,runs
analysis-jobs,MGYA00724123,amplicon,completed,"[{'key': 'Submitted nucleotide sequences', 'value': '86040'}, {'key': 'Nucleotide sequences after format-specific filtering', 'value': '43946'}, {'key': 'Nucleotide sequences after length filtering', 'value': '43946'}, {'key': 'Nucleotide sequences after undetermined bases filtering', 'value': '43946'}, {'key': 'Predicted LSU sequences', 'value': '0'}, {'key': 'Predicted SSU sequences', 'value': '43914'}]",5.0,MGYA00724123,False,2024-03-01T15:43:46.763116,MGX0008468,2024-03-01T15:43:46,ILLUMINA,Illumina MiSeq,MGYS00006608,studies,ERS5150819,samples,ERR4674061,runs
analysis-jobs,MGYA00724124,amplicon,completed,"[{'key': 'Submitted nucleotide sequences', 'value': '52306'}, {'key': 'Nucleotide sequences after format-specific filtering', 'value': '24038'}, {'key': 'Nucleotide sequences after length filtering', 'value': '24038'}, {'key': 'Nucleotide sequences after undetermined bases filtering', 'value': '24038'}, {'key': 'Predicted LSU sequences', 'value': '0'}, {'key': 'Predicted SSU sequences', 'value': '24022'}]",5.0,MGYA00724124,False,2024-03-01T15:44:01.468729,MGX0008469,2024-03-01T15:44:00,ILLUMINA,Illumina MiSeq,MGYS00006608,studies,ERS5150817,samples,ERR4674056,runs
analysis-jobs,MGYA00724125,amplicon,completed,"[{'key': 'Submitted nucleotide sequences', 'value': '108935'}, {'key': 'Nucleotide sequences after format-specific filtering', 'value': '42914'}, {'key': 'Nucleotide sequences after length filtering', 'value': '42914'}, {'key': 'Nucleotide sequences after undetermined bases filtering', 'value': '42914'}, {'key': 'Predicted LSU sequences', 'value': '0'}, {'key': 'Predicted SSU sequences', 'value': '42878'}]",5.0,MGYA00724125,False,2024-03-01T15:44:14.487808,MGX0008470,2024-03-01T15:44:13,ILLUMINA,Illumina MiSeq,MGYS00006608,studies,ERS5150816,samples,ERR4674053,runs
analysis-jobs,MGYA00724126,amplicon,completed,"[{'key': 'Submitted nucleotide sequences', 'value': '87391'}, {'key': 'Nucleotide sequences after format-specific filtering', 'value': '47825'}, {'key': 'Nucleotide sequences after length filtering', 'value': '47825'}, {'key': 'Nucleotide sequences after undetermined bases filtering', 'value': '47825'}, {'key': 'Predicted LSU sequences', 'value': '0'}, {'key': 'Predicted SSU sequences', 'value': '47808'}]",5.0,MGYA00724126,False,2024-03-01T15:44:29.598170,MGX0008471,2024-03-01T15:44:28,ILLUMINA,Illumina MiSeq,MGYS00006608,studies,ERS5150871,samples,ERR4674205,runs
analysis-jobs,MGYA00724127,amplicon,completed,"[{'key': 'Submitted nucleotide sequences', 'value': '57274'}, {'key': 'Nucleotide sequences after format-specific filtering', 'value': '22662'}, {'key': 'Nucleotide sequences after length filtering', 'value': '22662'}, {'key': 'Nucleotide sequences after undetermined bases filtering', 'value': '22662'}, {'key': 'Predicted LSU sequences', 'value': '0'}, {'key': 'Predicted SSU sequences', 'value': '22657'}]",5.0,MGYA00724127,False,2024-03-01T15:44:44.362025,MGX0008472,2024-03-01T15:44:43,ILLUMINA,Illumina MiSeq,MGYS00006608,studies,ERS5150870,samples,ERR4674202,runs
analysis-jobs,MGYA00724128,amplicon,completed,"[{'key': 'Submitted nucleotide sequences', 'value': '97514'}, {'key': 'Nucleotide sequences after format-specific filtering', 'value': '51750'}, {'key': 'Nucleotide sequences after length filtering', 'value': '51750'}, {'key': 'Nucleotide sequences after undetermined bases filtering', 'value': '51750'}, {'key': 'Predicted LSU sequences', 'value': '0'}, {'key': 'Predicted SSU sequences', 'value': '51742'}]",5.0,MGYA00724128,False,2024-03-01T15:44:58.830733,MGX0008473,2024-03-01T15:44:58,ILLUMINA,Illumina MiSeq,MGYS00006608,studies,ERS5150869,samples,ERR4674199,runs
analysis-jobs,MGYA00724129,amplicon,completed,"[{'key': 'Submitted nucleotide sequences', 'value': '94539'}, {'key': 'Nucleotide sequences after format-specific filtering', 'value': '40425'}, {'key': 'Nucleotide sequences after length filtering', 'value': '40425'}, {'key': 'Nucleotide sequences after undetermined bases filtering', 'value': '40425'}, {'key': 'Predicted LSU sequences', 'value': '0'}, {'key': 'Predicted SSU sequences', 'value': '40410'}]",5.0,MGYA00724129,False,2024-03-01T15:45:12.480600,MGX0008474,2024-03-01T15:45:11,ILLUMINA,Illumina MiSeq,MGYS00006608,studies,ERS5150868,samples,ERR4674196,runs
analysis-jobs,MGYA00724130,amplicon,completed,"[{'key': 'Submitted nucleotide sequences', 'value': '84702'}, {'key': 'Nucleotide sequences after format-specific filtering', 'value': '39153'}, {'key': 'Nucleotide sequences after length filtering', 'value': '39153'}, {'key': 'Nucleotide sequences after undetermined bases filtering', 'value': '39153'}, {'key': 'Predicted LSU sequences', 'value': '0'}, {'key': 'Predicted SSU sequences', 'value': '39148'}]",5.0,MGYA00724130,False,2024-03-01T15:45:27.225911,MGX0008475,2024-03-01T15:45:26,ILLUMINA,Illumina MiSeq,MGYS00006608,studies,ERS5150867,samples,ERR4674193,runs
analysis-jobs,MGYA00724131,amplicon,completed,"[{'key': 'Submitted nucleotide sequences', 'value': '66852'}, {'key': 'Nucleotide sequences after format-specific filtering', 'value': '34273'}, {'key': 'Nucleotide sequences after length filtering', 'value': '34273'}, {'key': 'Nucleotide sequences after undetermined bases filtering', 'value': '34273'}, {'key': 'Predicted LSU sequences', 'value': '0'}, {'key': 'Predicted SSU sequences', 'value': '34154'}]",5.0,MGYA00724131,False,2024-03-01T15:45:41.513712,MGX0008476,2024-03-01T15:45:40,ILLUMINA,Illumina MiSeq,MGYS00006608,studies,ERS5150859,samples,ERR4674173,runs
analysis-jobs,MGYA00724132,amplicon,completed,"[{'key': 'Submitted nucleotide sequences', 'value': '59631'}, {'key': 'Nucleotide sequences after format-specific filtering', 'value': '15291'}, {'key': 'Nucleotide sequences after length filtering', 'value': '15291'}, {'key': 'Nucleotide sequences after undetermined bases filtering', 'value': '15291'}, {'key': 'Predicted LSU sequences', 'value': '0'}, {'key': 'Predicted SSU sequences', 'value': '15289'}]",5.0,MGYA00724132,False,2024-03-01T15:45:55.261129,MGX0008477,2024-03-01T15:45:54,ILLUMINA,Illumina MiSeq,MGYS00006608,studies,ERS5150853,samples,ERR4674157,runs
analysis-jobs,MGYA00724133,amplicon,completed,"[{'key': 'Submitted nucleotide sequences', 'value': '90149'}, {'key': 'Nucleotide sequences after format-specific filtering', 'value': '36546'}, {'key': 'Nucleotide sequences after length filtering', 'value': '36546'}, {'key': 'Nucleotide sequences after undetermined bases filtering', 'value': '36546'}, {'key': 'Predicted LSU sequences', 'value': '0'}, {'key': 'Predicted SSU sequences', 'value': '36536'}]",5.0,MGYA00724133,False,2024-03-01T15:46:08.824388,MGX0008478,2024-03-01T15:46:08,ILLUMINA,Illumina MiSeq,MGYS00006608,studies,ERS5150850,samples,ERR4674149,runs
analysis-jobs,MGYA00724134,amplicon,completed,"[{'key': 'Submitted nucleotide sequences', 'value': '67789'}, {'key': 'Nucleotide sequences after format-specific filtering', 'value': '25658'}, {'key': 'Nucleotide sequences after length filtering', 'value': '25658'}, {'key': 'Nucleotide sequences after undetermined bases filtering', 'value': '25658'}, {'key': 'Predicted LSU sequences', 'value': '0'}, {'key': 'Predicted SSU sequences', 'value': '25649'}]",5.0,MGYA00724134,False,2024-03-01T15:46:25.532133,MGX0008479,2024-03-01T15:46:24,ILLUMINA,Illumina MiSeq,MGYS00006608,studies,ERS5150848,samples,ERR4674143,runs
analysis-jobs,MGYA00724135,amplicon,completed,"[{'key': 'Submitted nucleotide sequences', 'value': '73959'}, {'key': 'Nucleotide sequences after format-specific filtering', 'value': '41486'}, {'key': 'Nucleotide sequences after length filtering', 'value': '41486'}, {'key': 'Nucleotide sequences after undetermined bases filtering', 'value': '41486'}, {'key': 'Predicted LSU sequences', 'value': '0'}, {'key': 'Predicted SSU sequences', 'value': '41477'}]",5.0,MGYA00724135,False,2024-03-01T15:46:39.348567,MGX0008480,2024-03-01T15:46:38,ILLUMINA,Illumina MiSeq,MGYS00006608,studies,ERS5150846,samples,ERR4674138,runs
analysis-jobs,MGYA00724136,amplicon,completed,"[{'key': 'Submitted nucleotide sequences', 'value': '76249'}, {'key': 'Nucleotide sequences after format-specific filtering', 'value': '43931'}, {'key': 'Nucleotide sequences after length filtering', 'value': '43931'}, {'key': 'Nucleotide sequences after undetermined bases filtering', 'value': '43931'}, {'key': 'Predicted LSU sequences', 'value': '0'}, {'key': 'Predicted SSU sequences', 'value': '43900'}]",5.0,MGYA00724136,False,2024-03-01T15:46:52.946177,MGX0008481,2024-03-01T15:46:52,ILLUMINA,Illumina MiSeq,MGYS00006608,studies,ERS5150845,samples,ERR4674135,runs
analysis-jobs,MGYA00724137,amplicon,completed,"[{'key': 'Submitted nucleotide sequences', 'value': '72072'}, {'key': 'Nucleotide sequences after format-specific filtering', 'value': '35363'}, {'key': 'Nucleotide sequences after length filtering', 'value': '35363'}, {'key': 'Nucleotide sequences after undetermined bases filtering', 'value': '35363'}, {'key': 'Predicted LSU sequences', 'value': '0'}, {'key': 'Predicted SSU sequences', 'value': '35352'}]",5.0,MGYA00724137,False,2024-03-01T15:47:07.704210,MGX0008482,2024-03-01T15:47:07,ILLUMINA,Illumina MiSeq,MGYS00006608,studies,ERS5150841,samples,ERR4674125,runs
analysis-jobs,MGYA00724138,amplicon,completed,"[{'key': 'Submitted nucleotide sequences', 'value': '120146'}, {'key': 'Nucleotide sequences after format-specific filtering', 'value': '65850'}, {'key': 'Nucleotide sequences after length filtering', 'value': '65850'}, {'key': 'Nucleotide sequences after undetermined bases filtering', 'value': '65850'}, {'key': 'Predicted LSU sequences', 'value': '0'}, {'key': 'Predicted SSU sequences', 'value': '65814'}]",5.0,MGYA00724138,False,2024-03-01T15:47:21.985395,MGX0008483,2024-03-01T15:47:21,ILLUMINA,Illumina MiSeq,MGYS00006608,studies,ERS5150839,samples,ERR4674119,runs
analysis-jobs,MGYA00724139,amplicon,completed,"[{'key': 'Submitted nucleotide sequences', 'value': '78222'}, {'key': 'Nucleotide sequences after format-specific filtering', 'value': '35565'}, {'key': 'Nucleotide sequences after length filtering', 'value': '35565'}, {'key': 'Nucleotide sequences after undetermined bases filtering', 'value': '35565'}, {'key': 'Predicted LSU sequences', 'value': '0'}, {'key': 'Predicted SSU sequences', 'value': '35550'}]",5.0,MGYA00724139,False,2024-03-01T15:47:36.479504,MGX0008484,2024-03-01T15:47:35,ILLUMINA,Illumina MiSeq,MGYS00006608,studies,ERS5150836,samples,ERR4674110,runs
analysis-jobs,MGYA00724140,amplicon,completed,"[{'key': 'Submitted nucleotide sequences', 'value': '97559'}, {'key': 'Nucleotide sequences after format-specific filtering', 'value': '41572'}, {'key': 'Nucleotide sequences after length filtering', 'value': '41572'}, {'key': 'Nucleotide sequences after undetermined bases filtering', 'value': '41572'}, {'key': 'Predicted LSU sequences', 'value': '0'}, {'key': 'Predicted SSU sequences', 'value': '41557'}]",5.0,MGYA00724140,False,2024-03-01T15:47:51.074378,MGX0008485,2024-03-01T15:47:50,ILLUMINA,Illumina MiSeq,MGYS00006608,studies,ERS5150834,samples,ERR4674104,runs
analysis-jobs,MGYA00724141,amplicon,completed,"[{'key': 'Submitted nucleotide sequences', 'value': '50826'}, {'key': 'Nucleotide sequences after format-specific filtering', 'value': '20249'}, {'key': 'Nucleotide sequences after length filtering', 'value': '20249'}, {'key': 'Nucleotide sequences after undetermined bases filtering', 'value': '20249'}, {'key': 'Predicted LSU sequences', 'value': '0'}, {'key': 'Predicted SSU sequences', 'value': '20244'}]",5.0,MGYA00724141,False,2024-03-01T15:48:04.602488,MGX0008486,2024-03-01T15:48:03,ILLUMINA,Illumina MiSeq,MGYS00006608,studies,ERS5150833,samples,ERR4674101,runs
analysis-jobs,MGYA00724142,amplicon,completed,"[{'key': 'Submitted nucleotide sequences', 'value': '96174'}, {'key': 'Nucleotide sequences after format-specific filtering', 'value': '46258'}, {'key': 'Nucleotide sequences after length filtering', 'value': '46258'}, {'key': 'Nucleotide sequences after undetermined bases filtering', 'value': '46258'}, {'key': 'Predicted LSU sequences', 'value': '0'}, {'key': 'Predicted SSU sequences', 'value': '46193'}]",5.0,MGYA00724142,False,2024-03-01T15:48:19.059301,MGX0008487,2024-03-01T15:48:18,ILLUMINA,Illumina MiSeq,MGYS00006608,studies,ERS5150828,samples,ERR4674087,runs
analysis-jobs,MGYA00724143,amplicon,completed,"[{'key': 'Submitted nucleotide sequences', 'value': '113907'}, {'key': 'Nucleotide sequences after format-specific filtering', 'value': '56326'}, {'key': 'Nucleotide sequences after length filtering', 'value': '56326'}, {'key': 'Nucleotide sequences after undetermined bases filtering', 'value': '56326'}, {'key': 'Predicted LSU sequences', 'value': '0'}, {'key': 'Predicted SSU sequences', 'value': '56314'}]",5.0,MGYA00724143,False,2024-03-01T15:48:32.854687,MGX0008488,2024-03-01T15:48:32,ILLUMINA,Illumina MiSeq,MGYS00006608,studies,ERS5150826,samples,ERR4674082,runs
analysis-jobs,MGYA00724144,amplicon,completed,"[{'key': 'Submitted nucleotide sequences', 'value': '66215'}, {'key': 'Nucleotide sequences after format-specific filtering', 'value': '24021'}, {'key': 'Nucleotide sequences after length filtering', 'value': '24021'}, {'key': 'Nucleotide sequences after undetermined bases filtering', 'value': '24021'}, {'key': 'Predicted LSU sequences', 'value': '0'}, {'key': 'Predicted SSU sequences', 'value': '24010'}]",5.0,MGYA00724144,False,2024-03-01T15:48:47.053472,MGX0008489,2024-03-01T15:48:46,ILLUMINA,Illumina MiSeq,MGYS00006608,studies,ERS5150825,samples,ERR4674079,runs
analysis-jobs,MGYA00724145,amplicon,completed,"[{'key': 'Submitted nucleotide sequences', 'value': '104356'}, {'key': 'Nucleotide sequences after format-specific filtering', 'value': '46007'}, {'key': 'Nucleotide sequences after length filtering', 'value': '46007'}, {'key': 'Nucleotide sequences after undetermined bases filtering', 'value': '46007'}, {'key': 'Predicted LSU sequences', 'value': '0'}, {'key': 'Predicted SSU sequences', 'value': '45995'}]",5.0,MGYA00724145,False,2024-03-01T15:49:00.686070,MGX0008490,2024-03-01T15:49:00,ILLUMINA,Illumina MiSeq,MGYS00006608,studies,ERS5150821,samples,ERR4674067,runs
analysis-jobs,MGYA00724146,amplicon,completed,"[{'key': 'Submitted nucleotide sequences', 'value': '98984'}, {'key': 'Nucleotide sequences after format-specific filtering', 'value': '55093'}, {'key': 'Nucleotide sequences after length filtering', 'value': '55093'}, {'key': 'Nucleotide sequences after undetermined bases filtering', 'value': '55093'}, {'key': 'Predicted LSU sequences', 'value': '0'}, {'key': 'Predicted SSU sequences', 'value': '55079'}]",5.0,MGYA00724146,False,2024-03-01T15:49:13.864082,MGX0008491,2024-03-01T15:49:13,ILLUMINA,Illumina MiSeq,MGYS00006608,studies,ERS5150818,samples,ERR4674059,runs
analysis-jobs,MGYA00724147,amplicon,completed,"[{'key': 'Submitted nucleotide sequences', 'value': '107479'}, {'key': 'Nucleotide sequences after format-specific filtering', 'value': '54146'}, {'key': 'Nucleotide sequences after length filtering', 'value': '54146'}, {'key': 'Nucleotide sequences after undetermined bases filtering', 'value': '54146'}, {'key': 'Predicted LSU sequences', 'value': '0'}, {'key': 'Predicted SSU sequences', 'value': '54082'}]",5.0,MGYA00724147,False,2024-03-01T15:49:30.597555,MGX0008492,2024-03-01T15:49:29,ILLUMINA,Illumina MiSeq,MGYS00006608,studies,ERS5150811,samples,ERR4674041,runs
